{
  "arg_swap": {
    "n": 494,
    "v2_drop_stats": {
      "mean": 0.7571648605555488,
      "std": 0.31341141970718006,
      "ci95_lo": 0.7295268095731638,
      "ci95_hi": 0.7848029115379337,
      "n": 494
    },
    "v3_drop_stats": {
      "mean": 0.7694278390183783,
      "std": 0.30083134735910644,
      "ci95_lo": 0.7428991562946324,
      "ci95_hi": 0.7959565217421242,
      "n": 494
    },
    "v2_detection_rate": 0.9979757085020243,
    "v3_detection_rate": 0.9979757085020243,
    "v2_to_v3_drop_delta": 0.012262978462829532,
    "v2_to_v3_detection_delta": 0.0
  },
  "flip_outer_quantifier": {
    "n": 355,
    "v2_drop_stats": {
      "mean": 0.9744600938967136,
      "std": 0.12491742958230333,
      "ci95_lo": 0.9614654335022558,
      "ci95_hi": 0.9874547542911715,
      "n": 355
    },
    "v3_drop_stats": {
      "mean": 0.9743118359278478,
      "std": 0.12570699895642495,
      "ci95_lo": 0.9612350397905326,
      "ci95_hi": 0.9873886320651629,
      "n": 355
    },
    "v2_detection_rate": 0.9971830985915493,
    "v3_detection_rate": 0.9971830985915493,
    "v2_to_v3_drop_delta": -0.0001482579688658614,
    "v2_to_v3_detection_delta": 0.0
  },
  "negation_drop": {
    "n": 132,
    "v2_drop_stats": {
      "mean": 0.8203797389592208,
      "std": 0.2879558603935945,
      "ci95_lo": 0.7712555913871182,
      "ci95_hi": 0.8695038865313234,
      "n": 132
    },
    "v3_drop_stats": {
      "mean": 0.8196586082380901,
      "std": 0.2884952000588328,
      "ci95_lo": 0.7704424514209927,
      "ci95_hi": 0.8688747650551876,
      "n": 132
    },
    "v2_detection_rate": 0.9924242424242424,
    "v3_detection_rate": 0.9924242424242424,
    "v2_to_v3_drop_delta": -0.0007211307211306694,
    "v2_to_v3_detection_delta": 0.0
  },
  "random_substitution": {
    "n": 638,
    "v2_drop_stats": {
      "mean": 0.9424390482384213,
      "std": 0.17693747549591327,
      "ci95_lo": 0.9287092056358749,
      "ci95_hi": 0.9561688908409677,
      "n": 638
    },
    "v3_drop_stats": {
      "mean": 0.9423565536005727,
      "std": 0.1769228880411088,
      "ci95_lo": 0.928627842942844,
      "ci95_hi": 0.9560852642583014,
      "n": 638
    },
    "v2_detection_rate": 0.9984326018808778,
    "v3_detection_rate": 0.9984326018808778,
    "v2_to_v3_drop_delta": -8.249463784859579e-05,
    "v2_to_v3_detection_delta": 0.0
  },
  "restrictor_drop": {
    "n": 231,
    "v2_drop_stats": {
      "mean": 0.16917046397565877,
      "std": 0.04623353268728877,
      "ci95_lo": 0.16320825546132517,
      "ci95_hi": 0.17513267248999237,
      "n": 231
    },
    "v3_drop_stats": {
      "mean": 0.15255569346478437,
      "std": 0.043621341231244296,
      "ci95_lo": 0.1469303493264793,
      "ci95_hi": 0.15818103760308944,
      "n": 231
    },
    "v2_detection_rate": 0.9956709956709957,
    "v3_detection_rate": 0.9956709956709957,
    "v2_to_v3_drop_delta": -0.0166147705108744,
    "v2_to_v3_detection_delta": 0.0
  },
  "strengthen_quantifier": {
    "n": 15,
    "v2_drop_stats": {
      "mean": 0.3246296296296297,
      "std": 0.21081574529348807,
      "ci95_lo": 0.21794214253267183,
      "ci95_hi": 0.43131711672658757,
      "n": 15
    },
    "v3_drop_stats": {
      "mean": 0.3270538720538721,
      "std": 0.21415107949938567,
      "ci95_lo": 0.21867847296267318,
      "ci95_hi": 0.435429271145071,
      "n": 15
    },
    "v2_detection_rate": 1.0,
    "v3_detection_rate": 1.0,
    "v2_to_v3_drop_delta": 0.0024242424242423843,
    "v2_to_v3_detection_delta": 0.0
  }
}